Title,Company,Location,Link
Software Engineering Manager,"Jack Henry & Associates, Inc.®",No office location,https://stackoverflow.com/jobs/381401
Senior Software Engineer - Rust,Ockam,"San Francisco, CA",https://stackoverflow.com/jobs/371617
Remote Backend Developer for Real-Time Collaboration App,Scalable Path,No office location,https://stackoverflow.com/jobs/388339
Software Architect - Applied Cryptography in Rust,Ockam,"San Francisco, CA",https://stackoverflow.com/jobs/383587
Rust Developer (100% remote),simplestaking.com ltd,No office location,https://stackoverflow.com/jobs/382213
Software Developer,RedJack,"Silver Spring, MD",https://stackoverflow.com/jobs/389534
Junior Java Developer (m/w/d),Senacor Technologies AG,"Berlin, Deutschland",https://stackoverflow.com/jobs/342921
[#golang] Web Backend Engineer in Tokyo (No Japanese Required),Scoville,"Shibuya City, Japan",https://stackoverflow.com/jobs/282117
Backend Engineer,Innovation Research Labs,"Amsterdam, Netherlands",https://stackoverflow.com/jobs/361971
IoT developer (Rust & Erlang),Sercomm,"Nottingham, UK",https://stackoverflow.com/jobs/306202
Software Developer,Octave Group,"Montreal, QC, Canada",https://stackoverflow.com/jobs/357977
RUST Developer (m/w/d),Gnosis Service GmbH,"Berlin, Germany",https://stackoverflow.com/jobs/347414
Tech Lead,Home Care Heroes,"Redfern, Australia",https://stackoverflow.com/jobs/381414
Senior Blockchain Developer,BOTLabs GmbH,"Berlin, Deutschland",https://stackoverflow.com/jobs/298462
Senior Hardware Engineer - ATM Hardware,Bitstop,"Palmetto Bay, FL",https://stackoverflow.com/jobs/321884
Security Engineer,Asana,"San Francisco, CA",https://stackoverflow.com/jobs/355062
Build the Future of Stream Processing in Rust!,Materialize,"New York, NY",https://stackoverflow.com/jobs/263707
Software Developer,AlienSolar,"Kolkata, India",https://stackoverflow.com/jobs/341819
Student im Software Engineering (m/w/d),Method Park,"Erlangen, Deutschland",https://stackoverflow.com/jobs/377095
Senior Software Engineer,Apple,"Seattle, WA",https://stackoverflow.com/jobs/360184
Software Engineer (m/w/d),NanoGiants GmbH,"Düsseldorf, Deutschland",https://stackoverflow.com/jobs/374097
Software Engineer / Web Developer,Branding Brand,"Pittsburgh, PA",https://stackoverflow.com/jobs/367291
Server side web developer,Scoville,"Tokyo, Japan",https://stackoverflow.com/jobs/372248
Senior Embedded Software Engineer Who Loves Drones,Epirus,"El Segundo, CA",https://stackoverflow.com/jobs/296120
Backend Software Engineer,Chaturbate,"Los Angeles, CA",https://stackoverflow.com/jobs/373446
Software Architect - Cloud Services Integration,Ockam,"San Francisco, CA",https://stackoverflow.com/jobs/371618
Software Development Engineer,Amazon Web Services,"Seattle, WA",https://stackoverflow.com/jobs/384047
"Software Engineer/Web Developer - PHP, Go",Signature Coins,"Winter Park, FL",https://stackoverflow.com/jobs/275350
Blockchain Developer,Secninjaz,"New Delhi, India",https://stackoverflow.com/jobs/387518
React Native Developer,Futuristic Labs,"Hyderabad, India",https://stackoverflow.com/jobs/348658
Frontend Software Engineer,Chaturbate,"Los Angeles, CA",https://stackoverflow.com/jobs/373445
C/C++ Software Development Engineer - AWS EC2 Elastic Block Store (EBS),Amazon Web Services,"Seattle, WA",https://stackoverflow.com/jobs/386906
Senior Back End Engineer,Sharp Notions LLC,"Fairport, NY",https://stackoverflow.com/jobs/366772
"Software Engineer, Fullstack",valora digital.,"Zürich, Switzerland",https://stackoverflow.com/jobs/388909
Online Infrastructure Engineer/Site Reliability Engineer,Massive Entertainment - A Ubisoft Studio,"Malmö, Sweden",https://stackoverflow.com/jobs/312460
Senior Backend Engineer,Bitstop,"Palmetto Bay, FL",https://stackoverflow.com/jobs/321883
Senior Mobile Engineer,Bitstop,"Palmetto Bay, FL",https://stackoverflow.com/jobs/321885
"Senior Software Engineer, Fullstack",valora digital.,"Zürich, Switzerland",https://stackoverflow.com/jobs/302271
"Software Engineer, Core Data",Facebook,"Boston, MA",https://stackoverflow.com/jobs/353939
サーバーエンジニア / インターネット/Webサービス・ASP,株式会社 MICIN,"Chiyoda City, Japan",https://stackoverflow.com/jobs/357601
Python Engineer,"TileDB, Inc.","Cambridge, MA",https://stackoverflow.com/jobs/365175
Front-end or Back-end Software Engineer,Strana,"Paris, France",https://stackoverflow.com/jobs/351723
Site Reliability Engineer - SRE (Cloud Platform Department) : CPD,Rakuten,"Tokyo, Japan",https://stackoverflow.com/jobs/360637
iOS vývojář pro produkt Livesport.cz,Livesport s.r.o.,"Praha 13, Czechia",https://stackoverflow.com/jobs/344274
CPU Performance Modelling Engineer,Imagination Technologies,"Kings Langley, UK",https://stackoverflow.com/jobs/379650
Frontend Developer (anibis.ch),Scout24 Schweiz AG,"Wünnewil-Flamatt, Switzerland",https://stackoverflow.com/jobs/333168
アプリケーションエンジニア,type転職エージェント,"Minato City, Japan",https://stackoverflow.com/jobs/345684
サーバーサイドエンジニア /LINE BRAIN,LINE株式会社,"Shinjuku City, Japan",https://stackoverflow.com/jobs/359433
ソフトウェアエンジニア,株式会社Orb,"Minato City, Japan",https://stackoverflow.com/jobs/321542
Technical Architect,Deloitte Digital,"London, UK",https://stackoverflow.com/jobs/292477
iOS Developer,Livefront,"Minneapolis, MN",https://stackoverflow.com/jobs/195320
エンジニア(サーバーサイドアプリケーション開発) / インターネット/Webサービス・ASP,フェアリーデバイセズ 株式会社,"Bunkyo City, Japan",https://stackoverflow.com/jobs/309486
Android Developer,Livefront,"Minneapolis, MN",https://stackoverflow.com/jobs/144977
サーバーサイドエンジニア/インターネット/Webサービス・ASP,Wantedly 株式会社,"Minato City, Japan",https://stackoverflow.com/jobs/356585
研究・開発アシスタント(京都オフィス),株式会社リブセンス,"Kyoto, Japan",https://stackoverflow.com/jobs/378288
開発エンジニア(正社員)/インターネット/Webサービス・ASP,Enazeal 株式会社,"Chiyoda City, Japan",https://stackoverflow.com/jobs/356925
webエンジニア,合同会社DMM.com,"Minato City, Japan",https://stackoverflow.com/jobs/385266
